[
    {
        "name": "Aledo Family Eye Care",
        "address": "126 S Ranch House Rd, Suite 1000, Aledo TX 76008",
        "phone": "(817) 441-0010"
    },
    {
        "name": "Ciera Bank",
        "address": "301 S Fm 1187, Aledo TX 76008",
        "phone": "(817) 441-5200"
    },
    {
        "name": "First Financial Bank - Aledo",
        "address": "505 Fm-1187 N, Aledo TX 76008",
        "phone": "(817) 341-5200"
    },
    {
        "name": "East Parker County Library",
        "address": "201 N FM 1187, Aledo, Texas 76008",
        "phone": "(817) 441-6545"
    },
    {
        "name": "InterBank",
        "address": "200 N FM 1187, Aledo, Texas 76008",
        "phone": "(817) 441-1717"
    },
    {
        "name": "AISD 9th Grade Campus",
        "address": "990 Bailey Ranch Rd, Aledo, TX 76008",
        "phone": "(817) 441-4504"
    },
    {
        "name": "Aledo City Hall",
        "address": "104 Maverick St., Aledo, Tx 76008",
        "phone": "(817) 441-7016"
    },
    {
        "name": "Accent Eye Care",
        "address": "3990 N. Collins, Suite 102, Arlington, TX 76005",
        "phone": "(817) 261-2020"
    },
    {
        "name": "Vision City Arlington",
        "address": "5520 S. Cooper St., Suite 110, Arlington, TX 76005",
        "phone": "(817) 467-2020"
    },
    {
        "name": "Advanced Vision Care",
        "address": "726 E. Lamar, Arlington, TX 76011",
        "phone": "(817) 275-0655"
    },
    {
        "name": "Americas Best",
        "address": "780 E. Rd. to Six Flags, Arlington, TX 76011",
        "phone": "(817) 505-1500"
    },
    {
        "name": "Azle Memorial Library",
        "address": "333 W. Main, Azle, Texas 76020",
        "phone": "(817) 752-2682"
    },
    {
        "name": "Anderson Optical & Hearing Aid Co",
        "address": "2248 Central Drive, Suite 113, Bedford TX 76021",
        "phone": "(817) 354-4350"
    },
    {
        "name": "Bedford Public Library",
        "address": "2424 Forest Ridge Dr., Bedford TX 76021",
        "phone": "(817) 952-2350"
    },
    {
        "name": "St. Michael's Catholic Church",
        "address": "3713 E Harwood Rd., Bedford TX 76021",
        "phone": "(817) 283-8746"
    },
    {
        "name": "First Eye Care",
        "address": "2400 Airport Freeway, Suite 140, Bedford TX 76022",
        "phone": "(817) 284-2964"
    },
    {
        "name": "Vision Central",
        "address": "2250 Airport Freeway, Suite 310, Bedford TX 76022",
        "phone": ""
    },
    {
        "name": "Iconic Eye Care",
        "address": "2105 Harwood Rd., Suite 126, Bedford, TX 76021",
        "phone": "(817) 678-5543"
    },
    {
        "name": "America's Best",
        "address": "811 NE Alsbury, Suite 100, Burleson, TX 76028",
        "phone": "(817) 231-7131"
    },
    {
        "name": "Best Value West Pharmacy",
        "address": "124 W. Renfro St., Burleson, TX 76028",
        "phone": "(817) 295-6128"
    },
    {
        "name": "Burleson Eye Care (Dr. Steven Bresnahan)",
        "address": "201 NW Renfro  St., Burleson, TX 76028",
        "phone": "(817) 295-5601"
    },
    {
        "name": "Burleson Police Dept.",
        "address": "1161 SW Wilshire Blvd., Burleson, TX 76028",
        "phone": "(817) 426-9903"
    },
    {
        "name": "Burleson Public Library",
        "address": "248 SW Johnson St., Burleson, TX 76028",
        "phone": "(817) 426-9210"
    },
    {
        "name": "Dr. Robert Chiang",
        "address": "12001 S Freeway, No. 200, Burleson, TX 76028",
        "phone": "(817) 447-8383"
    },
    {
        "name": "First National Bank",
        "address": "899 NE Alsbury Blvd., Burleson, TX 76028",
        "phone": "(817) 295-0461"
    },
    {
        "name": "Great Eye Dr. of Burleson",
        "address": "209 Market St., Burleson, TX 76028",
        "phone": "(817) 295-0186"
    },
    {
        "name": "Harvest House",
        "address": "349 NW Renfro St., Burleson, TX 76028",
        "phone": "(817) 295-6252"
    },
    {
        "name": "Independent Financial",
        "address": "201 West Ellison St., Burleson, TX 76028",
        "phone": "(817) 295-1186"
    },
    {
        "name": "NBT Financial",
        "address": "400 East Renfro St., Burleson, TX 76028",
        "phone": "(817) 426-6268"
    },
    {
        "name": "Pinnacle Bank",
        "address": "651 NE Alsbury Blvd., Burleson, TX 76028",
        "phone": "(817) 426-0168"
    },
    {
        "name": "Red Wing Shoes",
        "address": "100 SW Wilshire, Burleson, TX 76028",
        "phone": "(817) 426-0030"
    },
    {
        "name": "Vision Plaza (Dr. Andre Le)",
        "address": "312 East Renfro, No. 107, Burleson, TX 76028",
        "phone": "(817) 295-9696"
    },
    {
        "name": "Visionworks South Towne Crossing",
        "address": "130 NW John Jones, No. 216, Burleson, TX 76028",
        "phone": "(817) 295-4785"
    },
    {
        "name": "Walmart Burleson",
        "address": "951 SW Wilshire Blvd., Burleson, TX 76028",
        "phone": "(817) 572-9574"
    },
    {
        "name": "Bennett's Printing & Office Supply",
        "address": "300 E Chambers St, Cleburne TX 76031",
        "phone": "(817) 641-9861"
    },
    {
        "name": "Cataract & Eye Center Of Cleburne, Dr. Steve G Surratt",
        "address": "1665 Woodard Ave, Suite 209, Cleburne TX 76033",
        "phone": "(817) 641-2020"
    },
    {
        "name": "Cleburne Chamber of Commerce",
        "address": "1511 W Henderson St, Cleburne TX 76033",
        "phone": "(817) 645-2455"
    },
    {
        "name": "Cleburne Eye Clinic",
        "address": "839 N Nolan River Rd, Cleburne TX 76033",
        "phone": "(817) 645-2411"
    },
    {
        "name": "Cleburne Public Library",
        "address": "302 W Henderson St, Cleburne TX 76033",
        "phone": "(817) 645-0934"
    },
    {
        "name": "Cleburne Seventh-Day Adventist Church",
        "address": "111 Meadow View Dr, Cleburne TX 76033",
        "phone": "(817) 645-2520"
    },
    {
        "name": "Cleburne Times Review",
        "address": "108 S. Anglin St., Cleburne TX 76033",
        "phone": "(817) 645-2441"
    },
    {
        "name": "Crosier-Pearson Cleburne Funeral Home",
        "address": "512 N Ridgeway Dr, Cleburne TX 76033",
        "phone": "(817) 648-0522"
    },
    {
        "name": "Johnson County Tax Office - Cleburne Annex",
        "address": "2 N Mill St, Cleburne TX 76033",
        "phone": "(817) 558-0122"
    },
    {
        "name": "Pinnacle Bank",
        "address": "1403 W Henderson St, Cleburne TX 76033",
        "phone": "(817) 641-1500"
    },
    {
        "name": "Pinnacle Bank",
        "address": "226 W Katherine P Raines Rd, Cleburne TX 76033",
        "phone": "(817) 202-7070"
    },
    {
        "name": "Real Performance Fitness and Training",
        "address": "1014 N Nolan River Rd, Suite B, Cleburne TX 76033",
        "phone": "(817) 556-2484"
    },
    {
        "name": "Texas State Optical",
        "address": "1607 W Henderson St, Cleburne TX 76033",
        "phone": "(817) 241-2914"
    },
    {
        "name": "United Cooperative Services",
        "address": "3309 N. Main, Cleburne TX 76033",
        "phone": "(817) 556-4000"
    },
    {
        "name": "United Presbyterian Church",
        "address": "1510 W Westhill Dr, Cleburne TX 76033",
        "phone": "(817) 641-6646"
    },
    {
        "name": "US Social Security Administration",
        "address": "1711 W Henderson St, Cleburne TX 76033",
        "phone": "(800) 772-1213"
    },
    {
        "name": "Liberty Hotel",
        "address": "205 S. Caddo St., Cleburne, TX 76031",
        "phone": "(817) 556-3700"
    },
    {
        "name": "Salvation Army",
        "address": "111 S. Anglin St., Cleburne, TX 76031",
        "phone": "(817) 558-1296"
    },
    {
        "name": "Barton Eye Associates",
        "address": "3930 Glade Road Suite 122, Colleyville TX 76034",
        "phone": "(817) 283-3393"
    },
    {
        "name": "Colleyville Vision Associates",
        "address": "5205 Heritage Avenue, Colleyville TX 76034",
        "phone": "(817) 788-3937"
    },
    {
        "name": "Simply Eyes",
        "address": "5615 Colleyville Blvd., Suite 460, Colleyville TX 76034",
        "phone": "(817) 485-3300"
    },
    {
        "name": "Total Eye Care",
        "address": "6114 Colleyville Blvd, Colleyville TX 76034",
        "phone": "(817) 416-0333"
    },
    {
        "name": "Frost Bank Colleyville",
        "address": "4718 Colleyville Blvd., Suite 100, Colleyville, TX 76034",
        "phone": "(817) 420-5200"
    },
    {
        "name": "Market Street Pharmacy",
        "address": "5605 Colleyville Blvd., Colleyville, TX 76034",
        "phone": "(817) 577-5030"
    },
    {
        "name": "Texas State Optical",
        "address": "5611 Colleyville Blvd, Colleyville, TX 76034",
        "phone": "(214) 256-1273"
    },
    {
        "name": "Clear Eye Care",
        "address": "220 S. Denton Tap Rd., Coppell TX 75019",
        "phone": "(982) 745-8760"
    },
    {
        "name": "Walmart Crowley",
        "address": "1221 FM 1187, Crowley, TX 76036",
        "phone": "(682) 233-7834"
    },
    {
        "name": "Decatur Eye Center",
        "address": "303 Washburn, Decatur, TX  76234",
        "phone": "(940) 627-2020"
    },
    {
        "name": "Dr. Tad Billmire",
        "address": "104 S. Washburn, Decatur, TX  76234",
        "phone": "(940) 627-3739"
    },
    {
        "name": "First Methodist Church",
        "address": "104 S. Miller, Decatur, TX  76234",
        "phone": "(940) 627-3362"
    },
    {
        "name": "Walmart",
        "address": "800 US 287, Decatur, TX  76234",
        "phone": "(940) 627-5546"
    },
    {
        "name": "Natural Grocers",
        "address": "110 W. University Dr., Denton TX 76201",
        "phone": "(940) 387-1100"
    },
    {
        "name": "Euless Public Library",
        "address": "201 N Ector Dr., Euless TX 76039",
        "phone": "(817) 685-1480"
    },
    {
        "name": "Target Optical",
        "address": "1401 W Glade Rd,, Euless TX 76039",
        "phone": "(817) 358-8651"
    },
    {
        "name": "Ball Family Vision",
        "address": "3020 Broadmoor Lane, Suite 300, Flower Mound TX 75022",
        "phone": "(972) 221-2020"
    },
    {
        "name": "Lakeside Eye Care",
        "address": "1025 Long Prairie Rd., Suite 100, Flower Mound TX 75022",
        "phone": "(972) 874-3926"
    },
    {
        "name": "Americas Best - Robertson's Creek",
        "address": "5801 Long Prairie Road, Suite 360, Flower Mound TX 75028",
        "phone": "(972) 355-3232"
    },
    {
        "name": "Cross Timbers Family YMCA",
        "address": "2021 Cross Timbers Rd., Flower Mound TX 75028",
        "phone": "(972) 539-9622"
    },
    {
        "name": "Faith Lutheran Church",
        "address": "6000 Morriss Rd., Flower Mound TX 75028",
        "phone": "(972) 539-1031"
    },
    {
        "name": "Flower Mound Eyecare",
        "address": "3851 Long Prairie Rd., Suite 100, Flower Mound TX 75028",
        "phone": "(972) 724-3030"
    },
    {
        "name": "Flower Mound Pharmacy",
        "address": "1001 Cross Timbers Rd., Suite 1170, Flower Mound TX 75028",
        "phone": "(972) 355-4614"
    },
    {
        "name": "Flower Mound Senior Center",
        "address": "2701 W Windsor Dr., Flower Mound TX 75028",
        "phone": "(972) 874-6110"
    },
    {
        "name": "Ogletree Eye Care",
        "address": "3551 Justin Rd., Suite 150, Flower Mound TX 75028",
        "phone": "(972) 355-5152"
    },
    {
        "name": "Ogletree Eye Center",
        "address": "3551 Justin Rd., Ste 150, Flower Mound, Texas, 75028",
        "phone": "(972) 355-5152"
    },
    {
        "name": "Ball Family Vision",
        "address": "3020 Broadmoor Lane, Suite 300, Flower Mound, TX 75022",
        "phone": "(972) 221-2020"
    },
    {
        "name": "Ball Family Vision",
        "address": "3020 Broadmoor Lane, Suite 300, Flower Mound, TX 75022",
        "phone": "(972) 221-2020"
    },
    {
        "name": "America Best",
        "address": "5801 Long Prairie Rd., Suite 360, Flower Mound, TX 75028",
        "phone": "(972) 355-3232"
    },
    {
        "name": "America's Best",
        "address": "5801 Long Prairie Rd., Suite 360, Flower Mound, TX 75028",
        "phone": "(972) 355-3232"
    },
    {
        "name": "Faith Lutheran Church",
        "address": "6000 Morriss Rd., Flower Mound, TX 75028",
        "phone": "(972) 539-1031"
    },
    {
        "name": "Flower Mound Eyecare",
        "address": "3851 Long Prairie, No. 100, Flower Mound, TX 75028",
        "phone": "(972) 724-3030"
    },
    {
        "name": "Flower Mound Senior Center",
        "address": "2701 W Windsor Dr., Flower Mound, TX 75028",
        "phone": "(972) 874-7275"
    },
    {
        "name": "Jets Pizza",
        "address": "2001 Cross Timbers Rd., Flower Mound, TX 75028",
        "phone": "(972) 221-5387"
    },
    {
        "name": "Market Street",
        "address": "3800 Long Prairie Rd., Flower Mound, TX 75028",
        "phone": "(972) 355-4007"
    },
    {
        "name": "Vision Source Planet Eyewear",
        "address": "500 Flower Mound Rd., No. 108, Flower Mound, TX 75028",
        "phone": "(972) 539-6868"
    },
    {
        "name": "YMCA",
        "address": "2021 Cross Timbers Road, Flower Mound, TX 75028",
        "phone": "(972) 539-9622"
    },
    {
        "name": "Eyes Nouveau",
        "address": "3000 South Hulen Street, Suite 104, Fort Worth TX 76109",
        "phone": "(817) 738-2027"
    },
    {
        "name": "Advanced Vision Care",
        "address": "4919 South Hulen Street, Fort Worth TX 76132",
        "phone": "(817) 370-2100"
    },
    {
        "name": "Costco Optical",
        "address": "5300 Overton Ridge Blvd, Fort Worth TX 76132",
        "phone": "(817) 210-0001"
    },
    {
        "name": "Eyemasters (Visionworks)",
        "address": "4800 South Hulen Street, Suite 1520, Hulen Mall, Fort Worth TX 76132",
        "phone": "(817) 292-3977"
    },
    {
        "name": "Marvel Eye Center",
        "address": "6273 Granbury Road, Fort Worth TX 76133",
        "phone": "(817) 346-7333"
    },
    {
        "name": "Wedgwood Optical",
        "address": "5709 Westcreek Drive, Fort Worth TX 76133",
        "phone": "(817) 292-1622"
    },
    {
        "name": "Wedgwood Optometry Associates",
        "address": "6404 McCart Avenue, Fort Worth TX 76133",
        "phone": "(817) 349-7499"
    },
    {
        "name": "Pearle Vision Center",
        "address": "5860 No.Tarrant Parkway, Suite 108, Fort Worth TX 76137",
        "phone": "(817) 656-0440"
    },
    {
        "name": "Bank of America",
        "address": "4200 Amon Carter Blvd., Fort Worth TX 76155",
        "phone": "(817) 864-2200"
    },
    {
        "name": "Eyemasters (Visionworks)",
        "address": "9549 Sage Meadow Trail, Alliance Town Center, Fort Worth TX 76177",
        "phone": "(817) 750-0383"
    },
    {
        "name": "Eagle Ranch Vision Source",
        "address": "7201 Boat Club Road, Fort Worth TX 76179",
        "phone": "(817) 750-2233"
    },
    {
        "name": "MyEyeDr.",
        "address": "5832 Boat Club Dr., Fort Worth, Texas 76135",
        "phone": "(817) 237-7153"
    },
    {
        "name": "America's Best",
        "address": "3016 Texas Sage Trail, Fort Worth, TX 76177",
        "phone": "(817) 741-6828"
    },
    {
        "name": "MyEyeDr.",
        "address": "9816 N. Beach Street, Fort Worth, TX 76244",
        "phone": "(817) 741-2020"
    },
    {
        "name": "Rock 101 Patio Grill",
        "address": "2833 Eldorado Pkwy,, Frisco TX 75033",
        "phone": "(214) 618-1616"
    },
    {
        "name": "Stanford House Senior Activity Center",
        "address": "401 W Garnett St, Gainesville TX 76240",
        "phone": "(940) 668-1452"
    },
    {
        "name": "Doctors Fleitman and York Associates",
        "address": "2020 US Hwy 82, Gainesville, TX 76240",
        "phone": "(940) 612-2020"
    },
    {
        "name": "North Texas Vision Center / Richard Jolly, M.D.",
        "address": "818 US Hwy 82, Gainesville, TX 76240",
        "phone": "(940) 665-9111"
    },
    {
        "name": "Dr. Steve Surratt",
        "address": "610 NE Big Bend Trail, Glen Rose TX 76043",
        "phone": "(254) 898-8733"
    },
    {
        "name": "First Financial Bank-Glen Rose",
        "address": "400 N. E. Big Bend Trail, Glen Rose TX 76043",
        "phone": "(254) 897-4808"
    },
    {
        "name": "Glen Rose Medical Center",
        "address": "1021 Holden St., Glen Rose TX 76043",
        "phone": "(254) 897-2215"
    },
    {
        "name": "Somervell Citizens Center",
        "address": "209 SW Barnard, Glen Rose TX 76043",
        "phone": "(254) 897-2139"
    },
    {
        "name": "Squaw Valley Golf Course",
        "address": "2439 E. Hwy 67, Glen Rose TX 76043",
        "phone": "(254) 897-7956"
    },
    {
        "name": "Grandview Library",
        "address": "112 3rd St., Grandview TX 76050",
        "phone": "(817) 866-3965"
    },
    {
        "name": "Alliance Eyewear Designs (Alliance Eye Care)",
        "address": "1600 W College,, Suite 390, Grapevine TX 76051",
        "phone": "(817) 481-8955"
    },
    {
        "name": "Ousley Vision Center",
        "address": "2430 Justin Rd; FM 407, Highland Village TX 75077",
        "phone": "(972) 317-3937"
    },
    {
        "name": "Highland Village Town Hall (Human Resources)",
        "address": "1000 Highland Village Rd., Highland Village, TX 75077",
        "phone": "(972) 317-5558"
    },
    {
        "name": "Ousley Vision Center",
        "address": "2430 Justin Rd., Highland Village, TX 75077",
        "phone": "(972) 317-3937"
    },
    {
        "name": "Village Vision Center",
        "address": "2300 Highland Rd., No. 200, Highland Village, TX 75077",
        "phone": "(972) 317-3888"
    },
    {
        "name": "Vision Works",
        "address": "1601 Village Pkwy., No. 160, Highland Village, TX 75077",
        "phone": "(972) 317-1094"
    },
    {
        "name": "Eyemasters (Visionworks)",
        "address": "1101 Melbourne Rd., Suite 3091, North East Mall, Hurst TX 76053",
        "phone": "(817) 284-2717"
    },
    {
        "name": "Eyetex Opticians",
        "address": "556 W Bedford Euless Rd, Suite B, Hurst TX 76053",
        "phone": "(817) 268-2292"
    },
    {
        "name": "J C Penney - Northeast Mall",
        "address": "1101 Melbourne Rd., Suite 5000, Hurst TX 76053",
        "phone": "(817) 284-4761"
    },
    {
        "name": "Super Target Optical",
        "address": "1400 Precinct Line Road, Hurst TX 76053",
        "phone": "(817) 282-8925"
    },
    {
        "name": "Texas Vision Center - Northeast Mall",
        "address": "5062 NE Mall Blvd, Hurst TX 76053",
        "phone": "(817) 595-2982"
    },
    {
        "name": "Today's Vision",
        "address": "945 Melbourne Road, Hurst TX 76053",
        "phone": "(817) 589-1100"
    },
    {
        "name": "Eyecrafters",
        "address": "1714 Precinct Line Road, Suite 700, Hurst TX 76054",
        "phone": "(817) 514-0004"
    },
    {
        "name": "First Eye Care",
        "address": "751 Mid-Cities Blvd., Hurst TX 76054",
        "phone": "(817) 656-2020"
    },
    {
        "name": "Marvel Eye Center",
        "address": "302 Grapevine Hwy, Hurst TX 76054",
        "phone": "(817) 427-2600"
    },
    {
        "name": "Texas Eye & Laser Center",
        "address": "1872 Norwood Dr., Suite 200, Hurst TX 76054",
        "phone": "(817) 768-6620"
    },
    {
        "name": "Trinity Vision",
        "address": "1629 Precinct Line Rd., Hurst TX 76054",
        "phone": "(817) 656-7222"
    },
    {
        "name": "Hurst Public Library",
        "address": "901 Precinct Line Rd., Hurst, TX 76053",
        "phone": "(817) 788-7300"
    },
    {
        "name": "Fleming Vision Care",
        "address": "1700 Rufe Snow Drive, Keller, TX  76248",
        "phone": "(817) 514-1000"
    },
    {
        "name": "Keller Eye Associates",
        "address": "1004 Keller Pkwy, Suite 102, Keller, TX  76248",
        "phone": "(817) 431-3937"
    },
    {
        "name": "Keller Eye Care",
        "address": "601 S. Main Street, Suite 601, Keller, TX  76248",
        "phone": "(817) 379-6200"
    },
    {
        "name": "MyEyeDr.",
        "address": "12457 Timberland Blvd., Suite 201, Keller, TX  76248",
        "phone": "(817) 741-4177"
    },
    {
        "name": "Sam's Club Optical Center",
        "address": "201 Golden Triangle Blvd., Keller, TX  76248",
        "phone": "(817) 898-6174"
    },
    {
        "name": "Vista Eye Associates",
        "address": "12584 N. Beach Street, Suite 122, Keller, TX 76244",
        "phone": "(817) 431-4100"
    },
    {
        "name": "What's on Tap",
        "address": "201 Town Center Ln., Suite 1107, Keller, TX 76248",
        "phone": "(817) 741-6494"
    },
    {
        "name": "North Dallas Eye Associates",
        "address": "1850 Lakepointe Dr., Suite 200, Lewisville TX 75057",
        "phone": "(972) 436-5040"
    },
    {
        "name": "Optical Infinity",
        "address": "860 Hebron Pkwy., Suite 102, Lewisville TX 75057",
        "phone": "(972) 316-3937"
    },
    {
        "name": "Speks Optical",
        "address": "1850 Lakepointe Dr., Suite 200, Lewisville TX 75057",
        "phone": "(972) 906-1999"
    },
    {
        "name": "Costco Optical",
        "address": "851 State Hwy. 121 Bypass, Lewisville TX 75067",
        "phone": "(469) 948-1028"
    },
    {
        "name": "LensCrafters",
        "address": "2401 S Stemmons Fwy., Suite 2000, Lewisville TX 75067",
        "phone": "(972) 315-0111"
    },
    {
        "name": "Lewisville Public Library",
        "address": "1197 W Main St., Lewisville TX 75067",
        "phone": "(972) 219-3570"
    },
    {
        "name": "MyEyeDr. / Dr. Brenda Floyd",
        "address": "2410 S Stemmons Fwy., Suite E, Lewisville TX 75067",
        "phone": "(972) 315-5202"
    },
    {
        "name": "PediPlace",
        "address": "502 S Old Orchard Ln., Suite 126, Lewisville TX 75067",
        "phone": "(972) 436-7962"
    },
    {
        "name": "Sam's Club Optical Center",
        "address": "751 W Main St., Lewisville TX 75067",
        "phone": "(972) 219-7009"
    },
    {
        "name": "Texas State Optical",
        "address": "1124 W Main St., Lewisville TX 75067",
        "phone": "(972) 203-6582"
    },
    {
        "name": "First Baptist Church",
        "address": "1251 Valley Ridge Blvd., Lewisville TX 75077",
        "phone": "(972) 436-5502"
    },
    {
        "name": "Hair Studio",
        "address": "1278 Justin Rd., Lewisville TX 75077",
        "phone": "(972) 317-0011"
    },
    {
        "name": "Landmark Grill",
        "address": "1297 Justin Rd., Suite 310, Lewisville TX 75077",
        "phone": "(972) 317-4867"
    },
    {
        "name": "Optical Infinity (Dr. Battani)",
        "address": "860 Hebron Pkwy., No. 103, Lewisville, TX 75057",
        "phone": "(972) 316-3937"
    },
    {
        "name": "America's Best",
        "address": "420 East Round Grove Rd., Suite 610, Lewisville, TX 75067",
        "phone": "(469) 528-1201"
    },
    {
        "name": "Costco Clear Vision Associates",
        "address": "851 South State Highway 121, Lewisville, TX 75067",
        "phone": "(469) 948-1027"
    },
    {
        "name": "Lenscrafters",
        "address": "2401 S Stemmons Fwy., Suite 2000, Lewisville, TX 75067",
        "phone": "(972) 315-0111"
    },
    {
        "name": "Lewisville Library",
        "address": "1197 W. Main, Lewisville, TX 75067",
        "phone": "(972) 219-3570"
    },
    {
        "name": "Lewisville Senior Center",
        "address": "1950 S Valley Pkwy., Lewisville, TX 75067",
        "phone": "(972) 219-5050"
    },
    {
        "name": "Lewisville Walmart",
        "address": "801 W Main St., Lewisville, TX 75067",
        "phone": "(972) 436-7932"
    },
    {
        "name": "Sam'S Club",
        "address": "751 W. Main St., Lewisville, TX 75067",
        "phone": "(972) 219-7009"
    },
    {
        "name": "Sharp Eyes (Dr Floyd)",
        "address": "2410 S Stemmons, Ste E, Lewisville, TX 75067",
        "phone": "(972) 315-5202"
    },
    {
        "name": "Texas State Optical",
        "address": "1124 W Main, Lewisville, TX 75067",
        "phone": "(972) 221-2561"
    },
    {
        "name": "First Baptist Church",
        "address": "1251 Valley Ridge Blvd., Lewisville, TX 75077",
        "phone": "(972) 436-5502"
    },
    {
        "name": "Pearl Vision",
        "address": "2403 S Stemmons, Ste 113, Lewisville, TX, 75067",
        "phone": "(972) 316-1113"
    },
    {
        "name": "Little Elm Lakefront Senior Center",
        "address": "100 W Eldorado Pkwy., Little Elm 75068",
        "phone": "(972) 731-1464"
    },
    {
        "name": "Baskin-Robbins",
        "address": "2700 E Eldorado Pkwy, Little Elm TX 75068",
        "phone": "(972) 987-4355"
    },
    {
        "name": "Donut Box",
        "address": "2700 E Eldorado Pkwy, Suite 101, Little Elm TX 75068",
        "phone": "(469) 200-5957"
    },
    {
        "name": "Dry Clean Super Center",
        "address": "2409 FM 423, Little Elm TX 75068",
        "phone": "(972) 712-4222"
    },
    {
        "name": "Kroger Marketplace",
        "address": "2671 Little Elm Pkwy, Little Elm TX 75068",
        "phone": "(469) 888-5518"
    },
    {
        "name": "Little Elm Eye Care",
        "address": "1200 East Eldorado Pkwy, Suite 100, Little Elm TX 75068",
        "phone": "(972) 292-0900"
    },
    {
        "name": "Little Elm Pharmacy",
        "address": "800 W Eldorado Pkwy, Suite 100, Little Elm TX 75068",
        "phone": "(972) 294-2877"
    },
    {
        "name": "Monarch Dental",
        "address": "2700 E Eldorado Pkwy, Suite 106, Little Elm TX 75068",
        "phone": "(972) 987-4944"
    },
    {
        "name": "Sonny Donuts",
        "address": "2405 FM 423, Little Elm TX 75068",
        "phone": "(214) 387-6949"
    },
    {
        "name": "Heritage Eye Center",
        "address": "1501 Redbud, McKinney, TX 75069",
        "phone": "(972) 548-0771"
    },
    {
        "name": "Alpha Optical",
        "address": "3705 Eldorado Pkwy., McKinney, TX 75070",
        "phone": "(972) 542-0331"
    },
    {
        "name": "First Eye Care - MyEyeDr.",
        "address": "2301 Eldorado Pkwy., McKinney, TX 75070",
        "phone": "(972) 540-2015"
    },
    {
        "name": "Smile McKinney",
        "address": "2301 Eldorado Pkwy., No. 500, McKinney, TX 75070",
        "phone": "(972) 542-3005"
    },
    {
        "name": "Pinnacle Eye Associates - MyEyeDr.",
        "address": "1650 N. Lake Forest Dr., No. 100, McKinney, TX 75071",
        "phone": "(972) 369-1411"
    },
    {
        "name": "Muenster Memorial Hospital",
        "address": "605 N Maple Street, Muenster TX 76252",
        "phone": "(940) 759-2271"
    },
    {
        "name": "Advantage Eyecare",
        "address": "6509 Precinct Line Rd, North Richland Hills TX 76180",
        "phone": "(817) 788-2020"
    },
    {
        "name": "Eyes On Rufe Snow - Dr. Paul Rea OD",
        "address": "5755 Rufe Snow Drive, Suite 100, North Richland Hills TX 76180",
        "phone": "(817) 656-1111"
    },
    {
        "name": "Health Markets",
        "address": "9151 Boulevard 26, Suite B-1B, North Richland Hills TX 76180",
        "phone": "(817) 255-3100"
    },
    {
        "name": "Optical Mart",
        "address": "8222 Bedford-Euless Road, North Richland Hills TX 76180",
        "phone": "(817) 427-1438"
    },
    {
        "name": "Southwest Vision Center",
        "address": "7728 Mid Cities Blvd, North Richland Hills TX 76180",
        "phone": "(817) 281-3386"
    },
    {
        "name": "Dr. Nancy Davis, OD (Roanoke Family Eyecare)",
        "address": "1228 NW Highway 377, Roanoke TX 76262",
        "phone": "(817) 491-4994"
    },
    {
        "name": "Roanoke Fire Department",
        "address": "201 Fairway Drive, Roanoke TX 76262",
        "phone": "(817) 491-2301"
    },
    {
        "name": "Vision Source",
        "address": "856 TX 114, Suite 100, Roanoke TX 76262",
        "phone": "(682) 237-2103"
    },
    {
        "name": "Edward Jones",
        "address": "1640 W. Chapman Drive, No. 200, Sanger, TX 76266",
        "phone": "(940) 458-7866"
    },
    {
        "name": "First Baptist Church",
        "address": "708 S. 5th Street, Sanger, TX 76266",
        "phone": "(940) 458-7416"
    },
    {
        "name": "New Hope Wellness Center",
        "address": "1650 W Chapman Drive, Sanger, TX 76266",
        "phone": "(940) 220-9288"
    },
    {
        "name": "North Texas Family Dental",
        "address": "617 North 10th Street, Suite 204, Sanger, TX 76266",
        "phone": "(940) 458-9000"
    },
    {
        "name": "Prosperity Bank",
        "address": "1100 N. I35 Frontage Rd., Sanger, TX 76266",
        "phone": "(940) 458-7404"
    },
    {
        "name": "S & J Pharmacy",
        "address": "801 W Chapman Dr., Suite 100, Sanger, TX 76266",
        "phone": "(940) 458-4448"
    },
    {
        "name": "Sanger Bank",
        "address": "501 N. Stemmons St., Sanger, TX 76266",
        "phone": "(940) 458-4600"
    },
    {
        "name": "Sanger Crisis Center",
        "address": "100 North 5th Street, Sanger, TX 76266",
        "phone": "(940) 312-3772"
    },
    {
        "name": "Sanger Education Foundation",
        "address": "400 Bolivar Street, Suite 102, Sanger, TX 76266",
        "phone": "(940) 600-8890"
    },
    {
        "name": "Sanger Eye Care",
        "address": "410 Bolivar St., Sanger, TX 76266",
        "phone": "(940) 458-3937"
    },
    {
        "name": "Sanger Lions Club",
        "address": "PO Box 714, Sanger, TX 76266",
        "phone": "(210) 825-9275"
    },
    {
        "name": "State Farm Insurance (Roxanne Haug)",
        "address": "640 S Stemmons, No. 100, Sanger, TX 76266",
        "phone": "(940) 458-4510"
    },
    {
        "name": "Stone's Defense",
        "address": "904 S. 5th Street, Sanger, TX 76266",
        "phone": "(940) 222-5984"
    },
    {
        "name": "The Salon Escape",
        "address": "711 N 5th Street, Sanger, TX 76266",
        "phone": "(940) 458-2711"
    },
    {
        "name": "Bettye Myers Middle School",
        "address": "131 Garza Rd., Shady Shores TX 76208",
        "phone": "(940) 369-1500"
    },
    {
        "name": "Clearview Eyecare and Laser Center",
        "address": "1980 East State Highway 114, Southlake TX 76092",
        "phone": "(817) 329-2700"
    },
    {
        "name": "Costco Vision Center - Dr. David Chang",
        "address": "2601 E. State Hwy 114, Southlake TX 76092",
        "phone": "(817) 749-2801"
    },
    {
        "name": "Eyes Nouveau",
        "address": "1247 Main Street, Southlake TX 76092",
        "phone": "(817) 481-2070"
    },
    {
        "name": "Eyeworks",
        "address": "3105 Southlake Blvd, Southlake TX 76092",
        "phone": "(817) 310-3989"
    },
    {
        "name": "Marsh Eye Center",
        "address": "670 E. Southlake Blvd, Southlake TX 76092",
        "phone": "(817) 329-6466"
    },
    {
        "name": "North Texas Eye Care",
        "address": "101 River Oaks, Suite 100, Southlake TX 76092",
        "phone": "(817) 562-2101"
    },
    {
        "name": "Southlake Family Eye Care",
        "address": "510 E. Southlake Blvd., Suite 100, Southlake TX 76092",
        "phone": "(817) 481-1665"
    },
    {
        "name": "The Colony Vision Center",
        "address": "4709 TX-121, Suite 122, The Colony TX 75056",
        "phone": "(972) 625-2020"
    },
    {
        "name": "District 2E2 Eyeglass Recycling Center",
        "address": "5621 Bunker Blvd., Watauga TX 76148",
        "phone": ""
    },
    {
        "name": "Eyemasters (Visionworks)",
        "address": "8436 Denton Hwy. 377, Suite 210, Towne Shopping Center, Watauga TX 76148",
        "phone": "(817) 427-8746"
    },
    {
        "name": "Vision City Watauga",
        "address": "7604 Denton Highway, Suite 208, Watauga TX 76148",
        "phone": "(817) 503-7997"
    },
    {
        "name": "MyEyeDr.",
        "address": "8329 Whitley Rd., Watauga, TX  76148",
        "phone": "(817) 431-2020"
    },
    {
        "name": "M A Shurtz Optometrist",
        "address": "4088 E I-20 Service Rd, Willow Park 76087",
        "phone": "(817) 594-9191"
    },
    {
        "name": "McKinney Eyeworks",
        "address": "7668 Eldorado Pkwy., No. 100, McKinney, TX 75072",
        "phone": "(972) 562-7015"
    }
]
